[
   {
      "연도":2000,
      "지속일수":12,
      "여름평균기온":24
   },
   {
      "연도":2001,
      "지속일수":15,
      "여름평균기온":24
   },
   {
      "연도":2002,
      "지속일수":8,
      "여름평균기온":22.9
   },
   {
      "연도":2003,
      "지속일수":4,
      "여름평균기온":22.2
   },
   {
      "연도":2004,
      "지속일수":26,
      "여름평균기온":23.8
   },
   {
      "연도":2005,
      "지속일수":9,
      "여름평균기온":23.9
   },
   {
      "연도":2006,
      "지속일수":21,
      "여름평균기온":23.5
   },
   {
      "연도":2007,
      "지속일수":13,
      "여름평균기온":23.6
   },
   {
      "연도":2008,
      "지속일수":12,
      "여름평균기온":23.5
   },
   {
      "연도":2009,
      "지속일수":6,
      "여름평균기온":23.1
   },
   {
      "연도":2010,
      "지속일수":10,
      "여름평균기온":24.7
   },
   {
      "연도":2011,
      "지속일수":6,
      "여름평균기온":23.9
   },
   {
      "연도":2012,
      "지속일수":21,
      "여름평균기온":24.5
   },
   {
      "연도":2013,
      "지속일수":20,
      "여름평균기온":25.2
   },
   {
      "연도":2014,
      "지속일수":7,
      "여름평균기온":23.4
   },
   {
      "연도":2015,
      "지속일수":17,
      "여름평균기온":23.5
   },
   {
      "연도":2016,
      "지속일수":34,
      "여름평균기온":24.6
   },
   {
      "연도":2017,
      "지속일수":9,
      "여름평균기온":24.3
   },
   {
      "연도":2018,
      "지속일수":37,
      "여름평균기온":25.3
   },
   {
      "연도":2019,
      "지속일수":13,
      "여름평균기온":23.9
   },
   {
      "연도":2020,
      "지속일수":11,
      "여름평균기온":23.9
   },
   {
      "연도":2021,
      "지속일수":19,
      "여름평균기온":24.2
   },
   {
      "연도":2022,
      "지속일수":13,
      "여름평균기온":24.5
   },
   {
      "연도":2023,
      "지속일수":14,
      "여름평균기온":23.7
   }
]