[
   {
      "년계절":"2000 봄",
      "지점":"전국",
      "평균기온(℃)":11.4,
      "평균최저기온(℃)":5.6,
      "평균최고기온(℃)":18.1
   },
   {
      "년계절":"2000 여름",
      "지점":"전국",
      "평균기온(℃)":24,
      "평균최저기온(℃)":20.3,
      "평균최고기온(℃)":29.2
   },
   {
      "년계절":"2000 가을",
      "지점":"전국",
      "평균기온(℃)":13.4,
      "평균최저기온(℃)":9.1,
      "평균최고기온(℃)":19.4
   },
   {
      "년계절":"2000 겨울",
      "지점":"전국",
      "평균기온(℃)":0,
      "평균최저기온(℃)":-4.5,
      "평균최고기온(℃)":5.8
   },
   {
      "년계절":"2001 봄",
      "지점":"전국",
      "평균기온(℃)":12,
      "평균최저기온(℃)":6.2,
      "평균최고기온(℃)":18.7
   },
   {
      "년계절":"2001 여름",
      "지점":"전국",
      "평균기온(℃)":24,
      "평균최저기온(℃)":20.2,
      "평균최고기온(℃)":29.2
   },
   {
      "년계절":"2001 가을",
      "지점":"전국",
      "평균기온(℃)":14,
      "평균최저기온(℃)":9.3,
      "평균최고기온(℃)":20.5
   },
   {
      "년계절":"2001 겨울",
      "지점":"전국",
      "평균기온(℃)":1.2,
      "평균최저기온(℃)":-3.3,
      "평균최고기온(℃)":6.9
   },
   {
      "년계절":"2002 봄",
      "지점":"전국",
      "평균기온(℃)":12.5,
      "평균최저기온(℃)":6.9,
      "평균최고기온(℃)":18.8
   },
   {
      "년계절":"2002 여름",
      "지점":"전국",
      "평균기온(℃)":22.9,
      "평균최저기온(℃)":19.3,
      "평균최고기온(℃)":27.7
   },
   {
      "년계절":"2002 가을",
      "지점":"전국",
      "평균기온(℃)":12.2,
      "평균최저기온(℃)":7.6,
      "평균최고기온(℃)":18.4
   },
   {
      "년계절":"2002 겨울",
      "지점":"전국",
      "평균기온(℃)":0.6,
      "평균최저기온(℃)":-3.5,
      "평균최고기온(℃)":6
   },
   {
      "년계절":"2003 봄",
      "지점":"전국",
      "평균기온(℃)":11.8,
      "평균최저기온(℃)":6.7,
      "평균최고기온(℃)":17.7
   },
   {
      "년계절":"2003 여름",
      "지점":"전국",
      "평균기온(℃)":22.2,
      "평균최저기온(℃)":18.9,
      "평균최고기온(℃)":26.7
   },
   {
      "년계절":"2003 가을",
      "지점":"전국",
      "평균기온(℃)":14.5,
      "평균최저기온(℃)":10,
      "평균최고기온(℃)":20.4
   },
   {
      "년계절":"2003 겨울",
      "지점":"전국",
      "평균기온(℃)":1,
      "평균최저기온(℃)":-3.6,
      "평균최고기온(℃)":7
   },
   {
      "년계절":"2004 봄",
      "지점":"전국",
      "평균기온(℃)":12,
      "평균최저기온(℃)":6.4,
      "평균최고기온(℃)":18.5
   },
   {
      "년계절":"2004 여름",
      "지점":"전국",
      "평균기온(℃)":23.8,
      "평균최저기온(℃)":20.1,
      "평균최고기온(℃)":28.9
   },
   {
      "년계절":"2004 가을",
      "지점":"전국",
      "평균기온(℃)":14.4,
      "평균최저기온(℃)":9.7,
      "평균최고기온(℃)":20.9
   },
   {
      "년계절":"2004 겨울",
      "지점":"전국",
      "평균기온(℃)":0.2,
      "평균최저기온(℃)":-4.1,
      "평균최고기온(℃)":5.8
   },
   {
      "년계절":"2005 봄",
      "지점":"전국",
      "평균기온(℃)":11.5,
      "평균최저기온(℃)":5.7,
      "평균최고기온(℃)":18.1
   },
   {
      "년계절":"2005 여름",
      "지점":"전국",
      "평균기온(℃)":23.9,
      "평균최저기온(℃)":20.5,
      "평균최고기온(℃)":28.9
   },
   {
      "년계절":"2005 가을",
      "지점":"전국",
      "평균기온(℃)":14.5,
      "평균최저기온(℃)":10.1,
      "평균최고기온(℃)":20.6
   },
   {
      "년계절":"2005 겨울",
      "지점":"전국",
      "평균기온(℃)":-0.5,
      "평균최저기온(℃)":-4.8,
      "평균최고기온(℃)":5
   },
   {
      "년계절":"2006 봄",
      "지점":"전국",
      "평균기온(℃)":11.3,
      "평균최저기온(℃)":6.1,
      "평균최고기온(℃)":17.4
   },
   {
      "년계절":"2006 여름",
      "지점":"전국",
      "평균기온(℃)":23.5,
      "평균최저기온(℃)":20,
      "평균최고기온(℃)":28.4
   },
   {
      "년계절":"2006 가을",
      "지점":"전국",
      "평균기온(℃)":14.8,
      "평균최저기온(℃)":10.2,
      "평균최고기온(℃)":21
   },
   {
      "년계절":"2006 겨울",
      "지점":"전국",
      "평균기온(℃)":2,
      "평균최저기온(℃)":-2.4,
      "평균최고기온(℃)":8.2
   },
   {
      "년계절":"2007 봄",
      "지점":"전국",
      "평균기온(℃)":11.8,
      "평균최저기온(℃)":6.6,
      "평균최고기온(℃)":18.1
   },
   {
      "년계절":"2007 여름",
      "지점":"전국",
      "평균기온(℃)":23.6,
      "평균최저기온(℃)":20.2,
      "평균최고기온(℃)":28.3
   },
   {
      "년계절":"2007 가을",
      "지점":"전국",
      "평균기온(℃)":14.2,
      "평균최저기온(℃)":10.1,
      "평균최고기온(℃)":19.9
   },
   {
      "년계절":"2007 겨울",
      "지점":"전국",
      "평균기온(℃)":0.4,
      "평균최저기온(℃)":-3.7,
      "평균최고기온(℃)":5.9
   },
   {
      "년계절":"2008 봄",
      "지점":"전국",
      "평균기온(℃)":12.3,
      "평균최저기온(℃)":6.7,
      "평균최고기온(℃)":18.8
   },
   {
      "년계절":"2008 여름",
      "지점":"전국",
      "평균기온(℃)":23.5,
      "평균최저기온(℃)":20,
      "평균최고기온(℃)":28.4
   },
   {
      "년계절":"2008 가을",
      "지점":"전국",
      "평균기온(℃)":14.8,
      "평균최저기온(℃)":10.2,
      "평균최고기온(℃)":21
   },
   {
      "년계절":"2008 겨울",
      "지점":"전국",
      "평균기온(℃)":1.4,
      "평균최저기온(℃)":-3.2,
      "평균최고기온(℃)":7.3
   },
   {
      "년계절":"2009 봄",
      "지점":"전국",
      "평균기온(℃)":12.4,
      "평균최저기온(℃)":6.7,
      "평균최고기온(℃)":19
   },
   {
      "년계절":"2009 여름",
      "지점":"전국",
      "평균기온(℃)":23.1,
      "평균최저기온(℃)":19.4,
      "평균최고기온(℃)":28
   },
   {
      "년계절":"2009 가을",
      "지점":"전국",
      "평균기온(℃)":14.4,
      "평균최저기온(℃)":9.9,
      "평균최고기온(℃)":20.5
   },
   {
      "년계절":"2009 겨울",
      "지점":"전국",
      "평균기온(℃)":0.2,
      "평균최저기온(℃)":-3.9,
      "평균최고기온(℃)":5.5
   },
   {
      "년계절":"2010 봄",
      "지점":"전국",
      "평균기온(℃)":10.6,
      "평균최저기온(℃)":5.7,
      "평균최고기온(℃)":16.1
   },
   {
      "년계절":"2010 여름",
      "지점":"전국",
      "평균기온(℃)":24.7,
      "평균최저기온(℃)":21.2,
      "평균최고기온(℃)":29.6
   },
   {
      "년계절":"2010 가을",
      "지점":"전국",
      "평균기온(℃)":14.2,
      "평균최저기온(℃)":9.6,
      "평균최고기온(℃)":20.4
   },
   {
      "년계절":"2010 겨울",
      "지점":"전국",
      "평균기온(℃)":-1,
      "평균최저기온(℃)":-5.7,
      "평균최고기온(℃)":4.9
   },
   {
      "년계절":"2011 봄",
      "지점":"전국",
      "평균기온(℃)":10.8,
      "평균최저기온(℃)":5.5,
      "평균최고기온(℃)":16.9
   },
   {
      "년계절":"2011 여름",
      "지점":"전국",
      "평균기온(℃)":23.9,
      "평균최저기온(℃)":20.6,
      "평균최고기온(℃)":28.4
   },
   {
      "년계절":"2011 가을",
      "지점":"전국",
      "평균기온(℃)":15,
      "평균최저기온(℃)":10.7,
      "평균최고기온(℃)":20.8
   },
   {
      "년계절":"2011 겨울",
      "지점":"전국",
      "평균기온(℃)":-0.8,
      "평균최저기온(℃)":-5,
      "평균최고기온(℃)":4.6
   },
   {
      "년계절":"2012 봄",
      "지점":"전국",
      "평균기온(℃)":12,
      "평균최저기온(℃)":6.9,
      "평균최고기온(℃)":18
   },
   {
      "년계절":"2012 여름",
      "지점":"전국",
      "평균기온(℃)":24.5,
      "평균최저기온(℃)":21,
      "평균최고기온(℃)":29.2
   },
   {
      "년계절":"2012 가을",
      "지점":"전국",
      "평균기온(℃)":13.4,
      "평균최저기온(℃)":9,
      "평균최고기온(℃)":19.3
   },
   {
      "년계절":"2012 겨울",
      "지점":"전국",
      "평균기온(℃)":-1.4,
      "평균최저기온(℃)":-5.7,
      "평균최고기온(℃)":4
   },
   {
      "년계절":"2013 봄",
      "지점":"전국",
      "평균기온(℃)":11.4,
      "평균최저기온(℃)":5.6,
      "평균최고기온(℃)":18
   },
   {
      "년계절":"2013 여름",
      "지점":"전국",
      "평균기온(℃)":25.2,
      "평균최저기온(℃)":21.7,
      "평균최고기온(℃)":30.1
   },
   {
      "년계절":"2013 가을",
      "지점":"전국",
      "평균기온(℃)":14.2,
      "평균최저기온(℃)":9.9,
      "평균최고기온(℃)":20.2
   },
   {
      "년계절":"2013 겨울",
      "지점":"전국",
      "평균기온(℃)":1.2,
      "평균최저기온(℃)":-3.3,
      "평균최고기온(℃)":6.9
   },
   {
      "년계절":"2014 봄",
      "지점":"전국",
      "평균기온(℃)":12.9,
      "평균최저기온(℃)":7.3,
      "평균최고기온(℃)":19.5
   },
   {
      "년계절":"2014 여름",
      "지점":"전국",
      "평균기온(℃)":23.4,
      "평균최저기온(℃)":20.1,
      "평균최고기온(℃)":28.1
   },
   {
      "년계절":"2014 가을",
      "지점":"전국",
      "평균기온(℃)":14.5,
      "평균최저기온(℃)":10,
      "평균최고기온(℃)":20.7
   },
   {
      "년계절":"2014 겨울",
      "지점":"전국",
      "평균기온(℃)":0.3,
      "평균최저기온(℃)":-3.8,
      "평균최고기온(℃)":5.7
   },
   {
      "년계절":"2015 봄",
      "지점":"전국",
      "평균기온(℃)":12.5,
      "평균최저기온(℃)":6.7,
      "평균최고기온(℃)":19.1
   },
   {
      "년계절":"2015 여름",
      "지점":"전국",
      "평균기온(℃)":23.5,
      "평균최저기온(℃)":19.8,
      "평균최고기온(℃)":28.7
   },
   {
      "년계절":"2015 가을",
      "지점":"전국",
      "평균기온(℃)":14.9,
      "평균최저기온(℃)":10.6,
      "평균최고기온(℃)":20.6
   },
   {
      "년계절":"2015 겨울",
      "지점":"전국",
      "평균기온(℃)":1.1,
      "평균최저기온(℃)":-3,
      "평균최고기온(℃)":6.3
   },
   {
      "년계절":"2016 봄",
      "지점":"전국",
      "평균기온(℃)":13,
      "평균최저기온(℃)":7.4,
      "평균최고기온(℃)":19.5
   },
   {
      "년계절":"2016 여름",
      "지점":"전국",
      "평균기온(℃)":24.6,
      "평균최저기온(℃)":20.9,
      "평균최고기온(℃)":29.7
   },
   {
      "년계절":"2016 가을",
      "지점":"전국",
      "평균기온(℃)":14.8,
      "평균최저기온(℃)":11,
      "평균최고기온(℃)":20
   },
   {
      "년계절":"2016 겨울",
      "지점":"전국",
      "평균기온(℃)":1.3,
      "평균최저기온(℃)":-3.4,
      "평균최고기온(℃)":7
   },
   {
      "년계절":"2017 봄",
      "지점":"전국",
      "평균기온(℃)":12.7,
      "평균최저기온(℃)":6.6,
      "평균최고기온(℃)":19.3
   },
   {
      "년계절":"2017 여름",
      "지점":"전국",
      "평균기온(℃)":24.3,
      "평균최저기온(℃)":20.3,
      "평균최고기온(℃)":29.3
   },
   {
      "년계절":"2017 가을",
      "지점":"전국",
      "평균기온(℃)":14,
      "평균최저기온(℃)":8.9,
      "평균최고기온(℃)":19.9
   },
   {
      "년계절":"2017 겨울",
      "지점":"전국",
      "평균기온(℃)":-1.1,
      "평균최저기온(℃)":-6.1,
      "평균최고기온(℃)":4.3
   },
   {
      "년계절":"2018 봄",
      "지점":"전국",
      "평균기온(℃)":12.9,
      "평균최저기온(℃)":7.2,
      "평균최고기온(℃)":18.9
   },
   {
      "년계절":"2018 여름",
      "지점":"전국",
      "평균기온(℃)":25.3,
      "평균최저기온(℃)":21,
      "평균최고기온(℃)":30.4
   },
   {
      "년계절":"2018 가을",
      "지점":"전국",
      "평균기온(℃)":13.5,
      "평균최저기온(℃)":8.7,
      "평균최고기온(℃)":19.4
   },
   {
      "년계절":"2018 겨울",
      "지점":"전국",
      "평균기온(℃)":1,
      "평균최저기온(℃)":-4.1,
      "평균최고기온(℃)":6.7
   },
   {
      "년계절":"2019 봄",
      "지점":"전국",
      "평균기온(℃)":12.5,
      "평균최저기온(℃)":6.2,
      "평균최고기온(℃)":19
   },
   {
      "년계절":"2019 여름",
      "지점":"전국",
      "평균기온(℃)":23.9,
      "평균최저기온(℃)":20,
      "평균최고기온(℃)":28.8
   },
   {
      "년계절":"2019 가을",
      "지점":"전국",
      "평균기온(℃)":15.2,
      "평균최저기온(℃)":10.5,
      "평균최고기온(℃)":20.8
   },
   {
      "년계절":"2019 겨울",
      "지점":"전국",
      "평균기온(℃)":2.8,
      "평균최저기온(℃)":-1.7,
      "평균최고기온(℃)":8
   },
   {
      "년계절":"2020 봄",
      "지점":"전국",
      "평균기온(℃)":12,
      "평균최저기온(℃)":6.2,
      "평균최고기온(℃)":18.1
   },
   {
      "년계절":"2020 여름",
      "지점":"전국",
      "평균기온(℃)":23.9,
      "평균최저기온(℃)":20.4,
      "평균최고기온(℃)":28.2
   },
   {
      "년계절":"2020 가을",
      "지점":"전국",
      "평균기온(℃)":14.1,
      "평균최저기온(℃)":9.3,
      "평균최고기온(℃)":19.7
   },
   {
      "년계절":"2020 겨울",
      "지점":"전국",
      "평균기온(℃)":0.9,
      "평균최저기온(℃)":-4.3,
      "평균최고기온(℃)":6.6
   },
   {
      "년계절":"2021 봄",
      "지점":"전국",
      "평균기온(℃)":12.8,
      "평균최저기온(℃)":7.3,
      "평균최고기온(℃)":18.7
   },
   {
      "년계절":"2021 여름",
      "지점":"전국",
      "평균기온(℃)":24.2,
      "평균최저기온(℃)":20.4,
      "평균최고기온(℃)":28.9
   },
   {
      "년계절":"2021 가을",
      "지점":"전국",
      "평균기온(℃)":14.9,
      "평균최저기온(℃)":10.5,
      "평균최고기온(℃)":20.5
   },
   {
      "년계절":"2021 겨울",
      "지점":"전국",
      "평균기온(℃)":0.3,
      "평균최저기온(℃)":-4.8,
      "평균최고기온(℃)":6
   },
   {
      "년계절":"2022 봄",
      "지점":"전국",
      "평균기온(℃)":13.2,
      "평균최저기온(℃)":7,
      "평균최고기온(℃)":19.6
   },
   {
      "년계절":"2022 여름",
      "지점":"전국",
      "평균기온(℃)":24.5,
      "평균최저기온(℃)":21,
      "평균최고기온(℃)":28.8
   },
   {
      "년계절":"2022 가을",
      "지점":"전국",
      "평균기온(℃)":14.8,
      "평균최저기온(℃)":9.8,
      "평균최고기온(℃)":21
   },
   {
      "년계절":"2022 겨울",
      "지점":"전국",
      "평균기온(℃)":0.2,
      "평균최저기온(℃)":-4.8,
      "평균최고기온(℃)":5.8
   },
   {
      "년계절":"2023 봄",
      "지점":"전국",
      "평균기온(℃)":13.5,
      "평균최저기온(℃)":7.4,
      "평균최고기온(℃)":19.7
   },
   {
      "년계절":"2023 여름",
      "지점":"전국",
      "평균기온(℃)":24.7,
      "평균최저기온(℃)":21.1,
      "평균최고기온(℃)":29.3
   },
   {
      "년계절":"2023 가을",
      "지점":"전국",
      "평균기온(℃)":15.1,
      "평균최저기온(℃)":10.5,
      "평균최고기온(℃)":20.6
   }
]