[
   {
      "year":1990,
      "총배출량":292.105,
      "순배출량":254.170,
      "CO₂":251.990,
      "CH₄":30.242,
      "N₂O":8.717,
      "HFCs":0.983,
      "PFCs":0,
      "SF6":0.173,
      "LULUCF":-37.935
   },
   {
      "year":1991,
      "총배출량":315.353,
      "순배출량":281.397,
      "CO₂":274.849,
      "CH₄":30.197,
      "N₂O":9.175,
      "HFCs":0.799,
      "PFCs":0,
      "SF6":0.333,
      "LULUCF":-33.955
   },
   {
      "year":1992,
      "총배출량":343.354,
      "순배출량":310.228,
      "CO₂":299.733,
      "CH₄":29.653,
      "N₂O":11.745,
      "HFCs":1.877,
      "PFCs":0.000,
      "SF6":0.345,
      "LULUCF":-33.126
   },
   {
      "year":1993,
      "총배출량":378.546,
      "순배출량":347.006,
      "CO₂":334.691,
      "CH₄":29.120,
      "N₂O":12.229,
      "HFCs":2.117,
      "PFCs":0.002,
      "SF6":0.387,
      "LULUCF":-31.540
   },
   {
      "year":1994,
      "총배출량":403.569,
      "순배출량":369.648,
      "CO₂":356.981,
      "CH₄":29.180,
      "N₂O":13.026,
      "HFCs":3.838,
      "PFCs":0,
      "SF6":0.544,
      "LULUCF":-33.921
   },
   {
      "year":1995,
      "총배출량":433.788,
      "순배출량":401.639,
      "CO₂":384.258,
      "CH₄":28.855,
      "N₂O":14.020,
      "HFCs":5.085,
      "PFCs":0.063,
      "SF6":1.506,
      "LULUCF":-32.149
   },
   {
      "year":1996,
      "총배출량":470.280,
      "순배출량":434.445,
      "CO₂":418.603,
      "CH₄":29.147,
      "N₂O":15.012,
      "HFCs":5.779,
      "PFCs":0.587,
      "SF6":1.152,
      "LULUCF":-35.836
   },
   {
      "year":1997,
      "총배출량":501.912,
      "순배출량":461.310,
      "CO₂":446.183,
      "CH₄":29.386,
      "N₂O":15.973,
      "HFCs":7.160,
      "PFCs":1.683,
      "SF6":1.527,
      "LULUCF":-40.603
   },
   {
      "year":1998,
      "총배출량":431.434,
      "순배출량":382.516,
      "CO₂":379.352,
      "CH₄":28.183,
      "N₂O":16.340,
      "HFCs":4.911,
      "PFCs":1.649,
      "SF6":0.999,
      "LULUCF":-48.918
   },
   {
      "year":1999,
      "총배출량":469.415,
      "순배출량":412.347,
      "CO₂":411.461,
      "CH₄":27.901,
      "N₂O":16.869,
      "HFCs":8.061,
      "PFCs":1.890,
      "SF6":3.232,
      "LULUCF":-57.068
   },
   {
      "year":2000,
      "총배출량":502.730,
      "순배출량":442.647,
      "CO₂":443.674,
      "CH₄":27.902,
      "N₂O":17.638,
      "HFCs":8.443,
      "PFCs":2.250,
      "SF6":2.823,
      "LULUCF":-60.084
   },
   {
      "year":2001,
      "총배출량":516.009,
      "순배출량":456.481,
      "CO₂":459.378,
      "CH₄":28.262,
      "N₂O":17.801,
      "HFCs":5.852,
      "PFCs":1.989,
      "SF6":2.727,
      "LULUCF":-59.528
   },
   {
      "year":2002,
      "총배출량":538.458,
      "순배출량":481.113,
      "CO₂":478.860,
      "CH₄":28.451,
      "N₂O":17.603,
      "HFCs":8.653,
      "PFCs":1.973,
      "SF6":2.919,
      "LULUCF":-57.345
   },
   {
      "year":2003,
      "총배출량":548.808,
      "순배출량":491.950,
      "CO₂":487.339,
      "CH₄":28.447,
      "N₂O":20.999,
      "HFCs":6.443,
      "PFCs":2.267,
      "SF6":3.314,
      "LULUCF":-56.859
   },
   {
      "year":2004,
      "총배출량":557.059,
      "순배출량":498.793,
      "CO₂":492.761,
      "CH₄":27.515,
      "N₂O":23.488,
      "HFCs":6.591,
      "PFCs":2.774,
      "SF6":3.930,
      "LULUCF":-58.266
   },
   {
      "year":2005,
      "총배출량":561.522,
      "순배출량":505.213,
      "CO₂":498.236,
      "CH₄":27.523,
      "N₂O":22.043,
      "HFCs":6.651,
      "PFCs":2.797,
      "SF6":4.272,
      "LULUCF":-56.309
   },
   {
      "year":2006,
      "총배출량":567.057,
      "순배출량":509.621,
      "CO₂":504.047,
      "CH₄":27.369,
      "N₂O":21.304,
      "HFCs":6.098,
      "PFCs":2.925,
      "SF6":5.314,
      "LULUCF":-57.436
   },
   {
      "year":2007,
      "총배출량":580.469,
      "순배출량":522.355,
      "CO₂":524.348,
      "CH₄":27.204,
      "N₂O":12.155,
      "HFCs":7.363,
      "PFCs":2.978,
      "SF6":6.420,
      "LULUCF":-58.114
   },
   {
      "year":2008,
      "총배출량":594.047,
      "순배출량":535.013,
      "CO₂":538.166,
      "CH₄":27.145,
      "N₂O":11.613,
      "HFCs":6.881,
      "PFCs":2.793,
      "SF6":7.450,
      "LULUCF":-59.034
   },
   {
      "year":2009,
      "총배출량":598.040,
      "순배출량":539.203,
      "CO₂":542.535,
      "CH₄":27.174,
      "N₂O":11.985,
      "HFCs":5.846,
      "PFCs":2.047,
      "SF6":8.453,
      "LULUCF":-58.838
   },
   {
      "year":2010,
      "총배출량":656.120,
      "순배출량":600.041,
      "CO₂":595.375,
      "CH₄":27.784,
      "N₂O":12.519,
      "HFCs":8.088,
      "PFCs":2.265,
      "SF6":10.090,
      "LULUCF":-56.078
   },
   {
      "year":2018,
      "총배출량":726.978,
      "순배출량":686.643,
      "CO₂":664.976,
      "CH₄":28.009,
      "N₂O":14.330,
      "HFCs":9.305,
      "PFCs":3.180,
      "SF6":7.178,
      "LULUCF":-40.334
   },
   {
      "year":2019,
      "총배출량":701.214,
      "순배출량":663.504,
      "CO₂":643.767,
      "CH₄":27.249,
      "N₂O":14.244,
      "HFCs":6.855,
      "PFCs":3.003,
      "SF6":6.096,
      "LULUCF":-37.710
   },
   {
      "year":2020,
      "총배출량":656.223,
      "순배출량":618.347,
      "CO₂":599.813,
      "CH₄":27.145,
      "N₂O":14.097,
      "HFCs":6.662,
      "PFCs":3.401,
      "SF6":5.106,
      "LULUCF":-37.876
   }
]